case_id,criterion,pull,argument
C-1,requirements,predictive,"Чіткі умови та вимоги вказують на predictive підхід, оскільки команда має дотримуватися власних обіцянок і вже визначеного графіку."
C-1,technology,adaptive,"API є нестабільним і вимагає адаптивності: необхідно копіювати API, тестувати його з різними показниками в ізольованих умовах та визначати причини поломок."
C-1,release_cost,predictive,"Дотримання графіку є важливим, тому підхід має дозволити виконати взяті на себе зобов'язання без зміни фіксованих умов."
C-1,customer,predictive,"Відмова від adaptive пов'язана з необхідністю дотримуватися власних обіцянок перед замовником і не порушувати погоджений графік."
C-1,contract,predictive,"Фіксовані умови та бюджет обмежують можливість перейти на adaptive, навіть попри його перевагу у швидкості реакції на проблеми."
C-1,team,predictive,"Команда повинна працювати в межах погодженого графіку, тому нестабільність API вирішується окремими ізольованими тестами та виправленнями в період найменшого навантаження."
C-2,requirements,adaptive,"Це стартап із високим ризиком помилки, тому вимоги та продуктові задачі потребують можливості швидко перевіряти рішення і змінювати процеси."
C-2,technology,adaptive,"Швидкість перевірки є важливою для успіху стартапа, тому потрібна можливість швидко реагувати на неочікувану поведінку та перевіряти зміни."
C-2,release_cost,predictive,"Помилка у фінансах може створити проблеми з бюджетом і клієнтами, тому необхідні детальне рев'ю, тестування та бажано резервна версія."
C-2,customer,adaptive,"Для стартапа важливо швидко перевіряти продукт і не витрачати надмірний час на підготовку релізу, оскільки затримка може негативно вплинути на запуск."
C-2,contract,adaptive,"Основний тиск створює швидкість перевірки: надмірно формалізований predictive-підхід може забрати ще більше часу та відкласти реліз."
C-2,team,adaptive,"Команді потрібно покращити процеси продуктових задач і фінансів, а також додати правила рев'ю для грошового модуля, зберігаючи можливість швидко рухатися."
C-3,requirements,adaptive,"Фіксовані умови підштовхують до predictive, але потреби юристів недостатньо зрозумілі, тому система має змінюватися під час роботи з ними."
C-3,technology,adaptive,"Стара система потребує зміни, а копія її даних використовується для оцінки ситуації; нову систему планується розробляти більш гнучко разом із юристами."
C-3,release_cost,predictive,"Фінансовий директор зацікавлений у контролі бюджету, тому бюджет і дедлайни потрібно зафіксувати, навіть якщо всередині розробка залишається гнучкою."
C-3,customer,hybrid,"Потрібно одночасно задовольнити потреби юристів, які мають працювати з системою, та фінансового директора, для якого важливі бюджет і дедлайн."
C-3,contract,predictive,"Фіксовані умови та необхідність контролю бюджету вимагають зафіксувати бюджет і дедлайни для фінансового директора."
C-3,team,adaptive,"Розробка нової системи має відбуватися у присутності юристів, щоб команда могла швидко отримувати правки та створювати більш гнучке рішення."
